{
  "schema_version": "2024-10-01",
  "name": "Smartyoga Coach Hub",
  "description": "Realtime yoga coaching, payments, and pose analytics for SmartYoga-Canada.",
  "url": "https://api.smartyoga.ca",
  "endpoints": [
    {
      "type": "openapi",
      "url": "https://api.smartyoga.ca/openapi.json"
    },
    {
      "type": "actions",
      "url": "https://api.smartyoga.ca/mcp/actions"
    }
  ],
  "capabilities": {
    "payments": {
      "provider": "stripe",
      "plans": [
        {
          "id": "premium_monthly",
          "price_id": "${STRIPE_PRICE_ID_PREMIUM}",
          "description": "Unlimited realtime coaching (Monthly)"
        },
        {
          "id": "premium_yearly",
          "price_id": "${STRIPE_PRICE_ID_PREMIUM_YEARLY}",
          "description": "Unlimited realtime coaching (Yearly)"
        }
      ]
    }
  }
}
